Air Force,Air Force
Akron,Akron
Alabama,Alabama
Appalachian State,Appalachian State
Arizona,Arizona
Arizona State,Arizona State
Arkansas,Arkansas
Arkansas State,Arkansas State
Army,Army
Auburn,Auburn
Ball State,Ball State
Baylor,Baylor
Boise State,Boise State
Boston College,Boston College
Bowling Green,Bowling Green
Buffalo,Buffalo
BYU,BYU
California,California
Central Florida,UCF
UCF,UCF
Central Michigan,Central Michigan
Charlotte,Charlotte
Cincinnati,Cincinnati
Clemson,Clemson
Coastal Carolina,Coastal Carolina
Colorado,Colorado
Colorado State,Colorado State
Connecticut,Connecticut
Duke,Duke
East Carolina,East Carolina
Eastern Michigan,Eastern Michigan
Florida,Florida
Florida Atlantic,FL-Atlantic
Florida International,FIU
Florida State,Florida State
Fresno State,Fresno State
Georgia,Georgia
Georgia Southern,Georgia Southern
Georgia State,Georgia State
Georgia Tech,Georgia Tech
Hawaii,Hawaii
Houston,Houston
Idaho,Idaho
Illinois,Illinois
Indiana,Indiana
Iowa,Iowa
Iowa State,Iowa State
Kansas,Kansas
Kansas State,Kansas State
Kent State,Kent State
Kentucky,Kentucky
Liberty,Liberty
Louisiana Tech,LA Tech
Louisville,Louisville
LSU,LSU
Marshall,Marshall
Maryland,Maryland
Massachusetts,Massachusetts
Memphis,Memphis
Miami-FL,Miami-FL
Miami-OH,Miami-OH
Michigan,Michigan
Michigan State,Michigan State
Middle Tennessee,Middle Tenn.
Minnesota,Minnesota
Mississippi State,Mississippi State
MIssissippi State,MIssissippi State
Missouri,Missouri
Navy,Navy
NC State,North Carolina State
Nebraska,Nebraska
Nevada,Nevada
New Mexico,New Mexico
New Mexico State,New Mexico State
North Carolina,North Carolina
North Texas,North Texas
Northern Illinois,Northern Ill.
Northern illinois,Northern ill.
Northwestern,Northwestern
Notre Dame,Notre Dame
Ohio,Ohio
Ohio State,Ohio State
Oklahoma,Oklahoma
Oklahoma State,Oklahoma State
Old Dominion,Old Dominion
Ole Miss,Mississippi
Oregon,Oregon
Oregon State,Oregon State
Penn State,Penn State
Pittsburgh,Pittsburgh
Purdue,Purdue
Rice,Rice
Rutgers,Rutgers
San Diego State,SDSU
San Jose State,SJSU
SMU,SMU
South Alabama,South Alabama
South Carolina,South Carolina
South Florida,South Florida
USF,South Florida
Southern Miss,Southern Miss.
Stanford,Stanford
Syracuse,Syracuse
TCU,TCU
Temple,Temple
Tennessee,Tennessee
Texas,Texas
Texas A&M,Texas A&M
Texas State,Texas State
Texas Tech,Texas Tech
Toledo,Toledo
Troy,Troy
Tulane,Tulane
Tulsa,Tulsa
UAB,UAB
UCLA,UCLA
UL-Lafayette,LA-Lafayette
UL-Monroe,LA-Monroe
UNLV,UNLV
USC,USC
Utah,Utah
Utah State,Utah State
UTEP,UTEP
UTSA,UTSA
Vanderbilt,Vanderbilt
Virginia,Virginia
Virginia Tech,Virginia Tech
Wake Forest,Wake Forest
Washington,Washington
Washington State,Washington State
West Virginia,West Virginia
Western Kentucky,Western Kentucky
Western Michigan,Western Michigan
Wisconsin,Wisconsin
Wyoming,Wyoming
