20090903,KENT ST.,1331,1149,KENT ST.,COASTAL CARO.
20090903,BALL ST.,1047,1497,BALL ST.,NORTH TEXAS
20090903,BOISE ST.,1066,1529,BOISE ST.,OREGON
20090903,NORTH CAROLINA ST.,1490,1648,NORTH CAROLINA ST.,SOUTH CAROLINA
20090903,BOWLING GREEN,1071,1716,BOWLING GREEN,TROY
20090903,UTAH,1732,1731,UTAH,UTAH ST.
20090904,TULANE,1718,1719,TULANE,TULSA
20090905,PENN ST.,1539,1005,PENN ST.,AKRON
20090905,NEUTRAL,1742,1008,VIRGINIA TECH,ALABAMA
20090905,EAST CAROLINA,1196,1027,EAST CAROLINA,APPALACHIAN ST.
20090905,WAKE FOREST,1749,1051,WAKE FOREST,BAYLOR
20090905,NEUTRAL,1522,1077,OKLAHOMA,BYU
20090905,UTEP,1704,1086,UTEP,BUFFALO
20090905,ARIZONA,1029,1129,ARIZONA,CENTRAL MICH.
20090905,OHIO,1519,1164,OHIO,CONNECTICUT
20090905,NEBRASKA,1463,1229,NEBRASKA,FLA. ATLANTIC
20090905,OKLAHOMA ST.,1521,1257,OKLAHOMA ST.,GEORGIA
20090905,NEW MEXICO ST.,1472,1295,NEW MEXICO ST.,IDAHO
20090905,NEUTRAL,1414,1334,MIAMI (OH),KENTUCKY
20090905,WASHINGTON,1756,1365,WASHINGTON,LSU
20090905,AUBURN,1037,1366,AUBURN,LOUISIANA TECH
20090905,CALIFORNIA,1107,1392,CALIFORNIA,MARYLAND
20090905,KANSAS ST.,1327,1400,KANSAS ST.,MASSACHUSETTS
20090905,CLEMSON,1147,1419,CLEMSON,MIDDLE TENN.
20090905,SYRACUSE,1688,1428,SYRACUSE,MINNESOTA
20090905,NEUTRAL,1301,1434,ILLINOIS,MISSOURI
20090905,NOTRE DAME,1513,1466,NOTRE DAME,NEVADA
20090905,TEXAS A&M,1697,1473,TEXAS A&M,NEW MEXICO
20090905,TEXAS,1703,1498,TEXAS,LA.-MONROE
20090905,WISCONSIN,1796,1503,WISCONSIN,NORTHERN ILL.
20090905,UAB,1009,1574,UAB,RICE
20090905,UCLA,1110,1626,UCLA,SAN DIEGO ST.
20090905,SOUTHERN CALIFORNIA,1657,1630,SOUTHERN CALIFORNIA,SAN JOSE ST.
20090905,WASHINGTON ST.,1754,1674,WASHINGTON ST.,STANFORD
20090905,PURDUE,1559,1709,PURDUE,TOLEDO
20090905,EASTERN MICH.,1204,1725,EASTERN MICH.,ARMY
20090905,OHIO ST.,1518,1726,OHIO ST.,NAVY
20090905,TENNESSEE,1694,1772,TENNESSEE,WESTERN KY.
20090905,MICHIGAN,1418,1774,MICHIGAN,WESTERN MICH.
20090906,COLORADO,1157,1156,COLORADO,COLORADO ST.
20090906,MEMPHIS,1404,1433,MEMPHIS,MISSISSIPPI
20090907,RUTGERS,1587,1140,RUTGERS,CINCINNATI
20090907,FLORIDA ST.,1234,1415,FLORIDA ST.,MIAMI (FL)
20090910,GEORGIA TECH,1255,1147,GEORGIA TECH,CLEMSON
20090911,TOLEDO,1709,1157,TOLEDO,COLORADO
20090912,NEBRASKA,1463,1030,NEBRASKA,ARKANSAS ST.
20090912,MISSOURI,1434,1071,MISSOURI,BOWLING GREEN
20090912,TULANE,1718,1077,TULANE,BYU
20090912,WISCONSIN,1796,1096,WISCONSIN,FRESNO ST.
20090912,TENNESSEE,1694,1110,TENNESSEE,UCLA
20090912,SOUTHERN MISS.,1664,1128,SOUTHERN MISS.,UCF
20090912,MICHIGAN ST.,1416,1129,MICHIGAN ST.,CENTRAL MICH.
20090912,ARMY,1725,1193,ARMY,DUKE
20090912,WEST VIRGINIA,1768,1196,WEST VIRGINIA,EAST CAROLINA
20090912,NORTHWESTERN,1509,1204,NORTHWESTERN,EASTERN MICH.
20090912,ALABAMA,1008,1231,ALABAMA,FIU
20090912,NEUTRAL,1754,1277,WASHINGTON ST.,HAWAII
20090912,OKLAHOMA ST.,1521,1288,OKLAHOMA ST.,HOUSTON
20090912,WASHINGTON,1756,1295,WASHINGTON,IDAHO
20090912,IOWA ST.,1311,1312,IOWA ST.,IOWA
20090912,LA.-LAFAYETTE,1671,1327,LA.-LAFAYETTE,KANSAS ST.
20090912,UTEP,1704,1328,UTEP,KANSAS
20090912,BOSTON COLLEGE,1067,1331,BOSTON COLLEGE,KENT ST.
20090912,NAVY,1726,1366,NAVY,LOUISIANA TECH
20090912,VIRGINIA TECH,1742,1388,VIRGINIA TECH,MARSHALL
20090912,MIDDLE TENN.,1419,1404,MIDDLE TENN.,MEMPHIS
20090912,BOISE ST.,1066,1414,BOISE ST.,MIAMI (OH)
20090912,AUBURN,1037,1430,AUBURN,MISSISSIPPI ST.
20090912,CONNECTICUT,1164,1457,CONNECTICUT,NORTH CAROLINA
20090912,MICHIGAN,1418,1513,MICHIGAN,NOTRE DAME
20090912,NORTH TEXAS,1497,1519,NORTH TEXAS,OHIO
20090912,UNLV,1465,1528,UNLV,OREGON ST.
20090912,BUFFALO,1086,1545,BUFFALO,PITTSBURGH
20090912,OREGON,1529,1559,OREGON,PURDUE
20090912,TEXAS TECH,1700,1574,TEXAS TECH,RICE
20090912,GEORGIA,1257,1648,GEORGIA,SOUTH CAROLINA
20090912,WESTERN KY.,1772,1651,WESTERN KY.,SOUTH FLA.
20090912,OHIO ST.,1518,1657,OHIO ST.,SOUTHERN CALIFORNIA
20090912,UAB,1009,1663,UAB,SMU
20090912,WAKE FOREST,1749,1674,WAKE FOREST,STANFORD
20090912,PENN ST.,1539,1688,PENN ST.,SYRACUSE
20090912,VIRGINIA,1746,1698,VIRGINIA,TCU
20090912,WYOMING,1811,1703,WYOMING,TEXAS
20090912,FLORIDA,1235,1716,FLORIDA,TROY
20090912,NEW MEXICO,1473,1719,NEW MEXICO,TULSA
20090912,MINNESOTA,1428,1721,MINNESOTA,AIR FORCE
20090912,SAN JOSE ST.,1630,1732,SAN JOSE ST.,UTAH
20090912,LSU,1365,1736,LSU,VANDERBILT
20090912,INDIANA,1306,1774,INDIANA,WESTERN MICH.
20090917,MIAMI (FL),1415,1255,MIAMI (FL),GEORGIA TECH
20090918,FRESNO ST.,1096,1066,FRESNO ST.,BOISE ST.
20090919,TROY,1716,1009,TROY,UAB
20090919,IOWA,1312,1029,IOWA,ARIZONA
20090919,ARMY,1725,1047,ARMY,BALL ST.
20090919,CLEMSON,1147,1067,CLEMSON,BOSTON COLLEGE
20090919,MARSHALL,1388,1071,MARSHALL,BOWLING GREEN
20090919,UCF,1128,1086,UCF,BUFFALO
20090919,MINNESOTA,1428,1107,MINNESOTA,CALIFORNIA
20090919,OREGON ST.,1528,1140,OREGON ST.,CINCINNATI
20090919,BAYLOR,1051,1164,BAYLOR,CONNECTICUT
20090919,KANSAS,1328,1193,KANSAS,DUKE
20090919,NORTH CAROLINA,1457,1196,NORTH CAROLINA,EAST CAROLINA
20090919,MICHIGAN,1418,1204,MICHIGAN,EASTERN MICH.
20090919,SOUTH CAROLINA,1648,1229,SOUTH CAROLINA,FLA. ATLANTIC
20090919,RUTGERS,1587,1231,RUTGERS,FIU
20090919,BYU,1077,1234,BYU,FLORIDA ST.
20090919,ARKANSAS,1031,1257,ARKANSAS,GEORGIA
20090919,UNLV,1465,1277,UNLV,HAWAII
20090919,AKRON,1005,1306,AKRON,INDIANA
20090919,KENT ST.,1331,1311,KENT ST.,IOWA ST.
20090919,UCLA,1110,1327,UCLA,KANSAS ST.
20090919,KENTUCKY,1334,1367,KENTUCKY,LOUISVILLE
20090919,WESTERN MICH.,1774,1414,WESTERN MICH.,MIAMI (OH)
20090919,NOTRE DAME,1513,1416,NOTRE DAME,MICHIGAN ST.
20090919,MARYLAND,1392,1419,MARYLAND,MIDDLE TENN.
20090919,VANDERBILT,1736,1430,VANDERBILT,MISSISSIPPI ST.
20090919,VIRGINIA TECH,1742,1463,VIRGINIA TECH,NEBRASKA
20090919,COLORADO ST.,1156,1466,COLORADO ST.,NEVADA
20090919,ALABAMA,1008,1497,ALABAMA,NORTH TEXAS
20090919,ARIZONA ST.,1028,1498,ARIZONA ST.,LA.-MONROE
20090919,PURDUE,1559,1503,PURDUE,NORTHERN ILL.
20090919,SYRACUSE,1688,1509,SYRACUSE,NORTHWESTERN
20090919,NEUTRAL,1709,1518,TOLEDO,OHIO ST.
20090919,OKLAHOMA ST.,1521,1574,OKLAHOMA ST.,RICE
20090919,IDAHO,1295,1626,IDAHO,SAN DIEGO ST.
20090919,STANFORD,1674,1630,STANFORD,SAN JOSE ST.
20090919,WASHINGTON,1756,1657,WASHINGTON,SOUTHERN CALIFORNIA
20090919,WASHINGTON ST.,1754,1663,WASHINGTON ST.,SMU
20090919,TCU,1698,1670,TCU,TEXAS ST.
20090919,LSU,1365,1671,LSU,LA.-LAFAYETTE
20090919,PENN ST.,1539,1690,PENN ST.,TEMPLE
20090919,FLORIDA,1235,1694,FLORIDA,TENNESSEE
20090919,TEXAS,1703,1700,TEXAS,TEXAS TECH
20090919,NEW MEXICO ST.,1472,1704,NEW MEXICO ST.,UTEP
20090919,OKLAHOMA,1522,1719,OKLAHOMA,TULSA
20090919,NEW MEXICO,1473,1721,NEW MEXICO,AIR FORCE
20090919,PITTSBURGH,1545,1726,PITTSBURGH,NAVY
20090919,TEXAS A&M,1697,1731,TEXAS A&M,UTAH ST.
20090919,OREGON,1529,1732,OREGON,UTAH
20090919,SOUTHERN MISS.,1664,1746,SOUTHERN MISS.,VIRGINIA
20090919,AUBURN,1037,1768,AUBURN,WEST VIRGINIA
20090919,COLORADO,1157,1811,COLORADO,WYOMING
20090924,SOUTH CAROLINA,1648,1433,SOUTH CAROLINA,MISSISSIPPI
20090925,NEVADA,1466,1434,NEVADA,MISSOURI
20090926,CENTRAL MICH.,1129,1005,CENTRAL MICH.,AKRON
20090926,TEXAS A&M,1697,1009,TEXAS A&M,UAB
20090926,GEORGIA,1257,1028,GEORGIA,ARIZONA ST.
20090926,OREGON ST.,1528,1029,OREGON ST.,ARIZONA
20090926,ALABAMA,1008,1031,ALABAMA,ARKANSAS
20090926,AUBURN,1037,1047,AUBURN,BALL ST.
20090926,BOWLING GREEN,1071,1066,BOWLING GREEN,BOISE ST.
20090926,TEMPLE,1690,1086,TEMPLE,BUFFALO
20090926,CINCINNATI,1140,1096,CINCINNATI,FRESNO ST.
20090926,OREGON,1529,1107,OREGON,CALIFORNIA
20090926,EAST CAROLINA,1196,1128,EAST CAROLINA,UCF
20090926,BYU,1077,1156,BYU,COLORADO ST.
20090926,KENTUCKY,1334,1235,KENTUCKY,FLORIDA
20090926,NORTHERN ILL.,1503,1295,NORTHERN ILL.,IDAHO
20090926,OHIO ST.,1518,1301,OHIO ST.,ILLINOIS
20090926,MICHIGAN,1418,1306,MICHIGAN,INDIANA
20090926,PENN ST.,1539,1312,PENN ST.,IOWA
20090926,MISSISSIPPI ST.,1430,1365,MISSISSIPPI ST.,LSU
20090926,UTAH,1732,1367,UTAH,LOUISVILLE
20090926,MEMPHIS,1404,1388,MEMPHIS,MARSHALL
20090926,KENT ST.,1331,1414,KENT ST.,MIAMI (OH)
20090926,VIRGINIA TECH,1742,1415,VIRGINIA TECH,MIAMI (FL)
20090926,WISCONSIN,1796,1416,WISCONSIN,MICHIGAN ST.
20090926,NORTH TEXAS,1497,1419,NORTH TEXAS,MIDDLE TENN.
20090926,NORTHWESTERN,1509,1428,NORTHWESTERN,MINNESOTA
20090926,GEORGIA TECH,1255,1457,GEORGIA TECH,NORTH CAROLINA
20090926,WYOMING,1811,1465,WYOMING,UNLV
20090926,NEW MEXICO,1473,1472,NEW MEXICO,NEW MEXICO ST.
20090926,FLA. ATLANTIC,1229,1498,FLA. ATLANTIC,LA.-MONROE
20090926,PURDUE,1559,1513,PURDUE,NOTRE DAME
20090926,TENNESSEE,1694,1519,TENNESSEE,OHIO
20090926,NORTH CAROLINA ST.,1490,1545,NORTH CAROLINA ST.,PITTSBURGH
20090926,MARYLAND,1392,1587,MARYLAND,RUTGERS
20090926,AIR FORCE,1721,1626,AIR FORCE,SAN DIEGO ST.
20090926,FLORIDA ST.,1234,1651,FLORIDA ST.,SOUTH FLA.
20090926,KANSAS,1328,1664,KANSAS,SOUTHERN MISS.
20090926,NEBRASKA,1463,1671,NEBRASKA,LA.-LAFAYETTE
20090926,CLEMSON,1147,1698,CLEMSON,TCU
20090926,HOUSTON,1288,1700,HOUSTON,TEXAS TECH
20090926,TEXAS,1703,1704,TEXAS,UTEP
20090926,FIU,1231,1709,FIU,TOLEDO
20090926,ARKANSAS ST.,1030,1716,ARKANSAS ST.,TROY
20090926,IOWA ST.,1311,1725,IOWA ST.,ARMY
20090926,RICE,1574,1736,RICE,VANDERBILT
20090926,BOSTON COLLEGE,1067,1749,BOSTON COLLEGE,WAKE FOREST
20090926,SOUTHERN CALIFORNIA,1657,1754,SOUTHERN CALIFORNIA,WASHINGTON ST.
20090926,STANFORD,1674,1756,STANFORD,WASHINGTON
20090926,NAVY,1726,1772,NAVY,WESTERN KY.
20090930,LOUISIANA TECH,1366,1277,LOUISIANA TECH,HAWAII
20091001,WEST VIRGINIA,1768,1157,WEST VIRGINIA,COLORADO
20091001,UAB,1009,1664,UAB,SOUTHERN MISS.
20091002,LOUISVILLE,1367,1545,LOUISVILLE,PITTSBURGH
20091002,BYU,1077,1731,BYU,UTAH ST.
20091003,KENTUCKY,1334,1008,KENTUCKY,ALABAMA
20091003,IOWA,1312,1030,IOWA,ARKANSAS ST.
20091003,TENNESSEE,1694,1037,TENNESSEE,AUBURN
20091003,STANFORD,1674,1110,STANFORD,UCLA
20091003,BUFFALO,1086,1129,BUFFALO,CENTRAL MICH.
20091003,MIAMI (OH),1414,1140,MIAMI (OH),CINCINNATI
20091003,MARYLAND,1392,1147,MARYLAND,CLEMSON
20091003,IDAHO,1295,1156,IDAHO,COLORADO ST.
20091003,MARSHALL,1388,1196,MARSHALL,EAST CAROLINA
20091003,LA.-MONROE,1498,1231,LA.-MONROE,FIU
20091003,BOSTON COLLEGE,1067,1234,BOSTON COLLEGE,FLORIDA ST.
20091003,MISSISSIPPI ST.,1430,1255,MISSISSIPPI ST.,GEORGIA TECH
20091003,UTEP,1704,1288,UTEP,HOUSTON
20091003,NEUTRAL,1311,1327,IOWA ST.,KANSAS ST.
20091003,BAYLOR,1051,1331,BAYLOR,KENT ST.
20091003,GEORGIA,1257,1365,GEORGIA,LSU
20091003,UCF,1128,1404,UCF,MEMPHIS
20091003,MICHIGAN ST.,1416,1418,MICHIGAN ST.,MICHIGAN
20091003,VANDERBILT,1736,1433,VANDERBILT,MISSISSIPPI
20091003,NEVADA,1466,1465,NEVADA,UNLV
20091003,SAN DIEGO ST.,1626,1472,SAN DIEGO ST.,NEW MEXICO ST.
20091003,TEXAS TECH,1700,1473,TEXAS TECH,NEW MEXICO
20091003,WAKE FOREST,1749,1490,WAKE FOREST,NORTH CAROLINA ST.
20091003,PURDUE,1559,1509,PURDUE,NORTHWESTERN
20091003,INDIANA,1306,1518,INDIANA,OHIO ST.
20091003,BOWLING GREEN,1071,1519,BOWLING GREEN,OHIO
20091003,MIAMI (FL),1415,1522,MIAMI (FL),OKLAHOMA
20091003,ARIZONA ST.,1028,1528,ARIZONA ST.,OREGON ST.
20091003,ILLINOIS,1301,1539,ILLINOIS,PENN ST.
20091003,SYRACUSE,1688,1651,SYRACUSE,SOUTH FLA.
20091003,CALIFORNIA,1107,1657,CALIFORNIA,SOUTHERN CALIFORNIA
20091003,TCU,1698,1663,TCU,SMU
20091003,EASTERN MICH.,1204,1690,EASTERN MICH.,TEMPLE
20091003,NEUTRAL,1031,1697,ARKANSAS,TEXAS A&M
20091003,BALL ST.,1047,1709,BALL ST.,TOLEDO
20091003,ARMY,1725,1718,ARMY,TULANE
20091003,RICE,1574,1719,RICE,TULSA
20091003,NAVY,1726,1721,NAVY,AIR FORCE
20091003,DUKE,1193,1742,DUKE,VIRGINIA TECH
20091003,NORTH CAROLINA,1457,1746,NORTH CAROLINA,VIRGINIA
20091003,OREGON,1529,1754,OREGON,WASHINGTON ST.
20091003,NOTRE DAME,1513,1756,NOTRE DAME,WASHINGTON
20091003,NORTHERN ILL.,1503,1774,NORTHERN ILL.,WESTERN MICH.
20091003,MINNESOTA,1428,1796,MINNESOTA,WISCONSIN
20091003,FLA. ATLANTIC,1229,1811,FLA. ATLANTIC,WYOMING
20091006,TROY,1716,1419,TROY,MIDDLE TENN.
20091008,MISSOURI,1434,1463,MISSOURI,NEBRASKA
20091009,NEVADA,1466,1366,NEVADA,LOUISIANA TECH
20091010,MISSISSIPPI,1433,1008,MISSISSIPPI,ALABAMA
20091010,WASHINGTON ST.,1754,1028,WASHINGTON ST.,ARIZONA ST.
20091010,WASHINGTON,1756,1029,WASHINGTON,ARIZONA
20091010,ARKANSAS,1031,1037,ARKANSAS,AUBURN
20091010,TEMPLE,1690,1047,TEMPLE,BALL ST.
20091010,OKLAHOMA,1522,1051,OKLAHOMA,BAYLOR
20091010,VIRGINIA TECH,1742,1067,VIRGINIA TECH,BOSTON COLLEGE
20091010,KENT ST.,1331,1071,KENT ST.,BOWLING GREEN
20091010,UNLV,1465,1077,UNLV,BYU
20091010,HAWAII,1277,1096,HAWAII,FRESNO ST.
20091010,TEXAS,1703,1157,TEXAS,COLORADO
20091010,PITTSBURGH,1545,1164,PITTSBURGH,CONNECTICUT
20091010,NORTH CAROLINA ST.,1490,1193,NORTH CAROLINA ST.,DUKE
20091010,SMU,1663,1196,SMU,EAST CAROLINA
20091010,CENTRAL MICH.,1129,1204,CENTRAL MICH.,EASTERN MICH.
20091010,WESTERN KY.,1772,1231,WESTERN KY.,FIU
20091010,LSU,1365,1235,LSU,FLORIDA
20091010,NORTH CAROLINA,1457,1253,NORTH CAROLINA,GA. SOUTHERN
20091010,FLORIDA ST.,1234,1255,FLORIDA ST.,GEORGIA TECH
20091010,TENNESSEE,1694,1257,TENNESSEE,GEORGIA
20091010,MISSISSIPPI ST.,1430,1288,MISSISSIPPI ST.,HOUSTON
20091010,SAN JOSE ST.,1630,1295,SAN JOSE ST.,IDAHO
20091010,VIRGINIA,1746,1306,VIRGINIA,INDIANA
20091010,KANSAS,1328,1311,KANSAS,IOWA ST.
20091010,TEXAS TECH,1700,1327,TEXAS TECH,KANSAS ST.
20091010,SOUTH CAROLINA,1648,1334,SOUTH CAROLINA,KENTUCKY
20091010,TULANE,1718,1388,TULANE,MARSHALL
20091010,WAKE FOREST,1749,1392,WAKE FOREST,MARYLAND
20091010,NORTHWESTERN,1509,1414,NORTHWESTERN,MIAMI (OH)
20091010,ILLINOIS,1301,1416,ILLINOIS,MICHIGAN ST.
20091010,IOWA,1312,1418,IOWA,MICHIGAN
20091010,WYOMING,1811,1473,WYOMING,NEW MEXICO
20091010,LA.-LAFAYETTE,1671,1497,LA.-LAFAYETTE,NORTH TEXAS
20091010,AKRON,1005,1519,AKRON,OHIO
20091010,TEXAS A&M,1697,1521,TEXAS A&M,OKLAHOMA ST.
20091010,UCLA,1110,1529,UCLA,OREGON
20091010,MINNESOTA,1428,1559,MINNESOTA,PURDUE
20091010,LOUISVILLE,1367,1664,LOUISVILLE,SOUTHERN MISS.
20091010,OREGON ST.,1528,1674,OREGON ST.,STANFORD
20091010,AIR FORCE,1721,1698,AIR FORCE,TCU
20091010,MEMPHIS,1404,1704,MEMPHIS,UTEP
20091010,RICE,1574,1726,RICE,NAVY
20091010,NEW MEXICO ST.,1472,1731,NEW MEXICO ST.,UTAH ST.
20091010,COLORADO ST.,1156,1732,COLORADO ST.,UTAH
20091010,ARMY,1725,1736,ARMY,VANDERBILT
20091010,SYRACUSE,1688,1768,SYRACUSE,WEST VIRGINIA
20091010,TOLEDO,1709,1774,TOLEDO,WESTERN MICH.
20091010,OHIO ST.,1518,1796,OHIO ST.,WISCONSIN
20091013,LA.-MONROE,1498,1030,LA.-MONROE,ARKANSAS ST.
20091014,TULSA,1719,1066,TULSA,BOISE ST.
20091015,SOUTH FLA.,1651,1140,SOUTH FLA.,CINCINNATI
20091016,RUTGERS,1587,1545,RUTGERS,PITTSBURGH
20091017,BUFFALO,1086,1005,BUFFALO,AKRON
20091017,MISSISSIPPI,1433,1009,MISSISSIPPI,UAB
20091017,FLORIDA,1235,1031,FLORIDA,ARKANSAS
20091017,IOWA ST.,1311,1051,IOWA ST.,BAYLOR
20091017,BALL ST.,1047,1071,BALL ST.,BOWLING GREEN
20091017,SAN DIEGO ST.,1626,1077,SAN DIEGO ST.,BYU
20091017,UCLA,1110,1107,UCLA,CALIFORNIA
20091017,WESTERN MICH.,1774,1129,WESTERN MICH.,CENTRAL MICH.
20091017,TCU,1698,1156,TCU,COLORADO ST.
20091017,NORTH TEXAS,1497,1229,NORTH TEXAS,FLA. ATLANTIC
20091017,VANDERBILT,1736,1257,VANDERBILT,GEORGIA
20091017,IDAHO,1295,1277,IDAHO,HAWAII
20091017,TULANE,1718,1288,TULANE,HOUSTON
20091017,INDIANA,1306,1301,INDIANA,ILLINOIS
20091017,WISCONSIN,1796,1312,WISCONSIN,IOWA
20091017,COLORADO,1157,1328,COLORADO,KANSAS
20091017,EASTERN MICH.,1204,1331,EASTERN MICH.,KENT ST.
20091017,AUBURN,1037,1334,AUBURN,KENTUCKY
20091017,CONNECTICUT,1164,1367,CONNECTICUT,LOUISVILLE
20091017,WEST VIRGINIA,1768,1388,WEST VIRGINIA,MARSHALL
20091017,SOUTHERN MISS.,1664,1404,SOUTHERN MISS.,MEMPHIS
20091017,OHIO,1519,1414,OHIO,MIAMI (OH)
20091017,UCF,1128,1415,UCF,MIAMI (FL)
20091017,PENN ST.,1539,1428,PENN ST.,MINNESOTA
20091017,MIDDLE TENN.,1419,1430,MIDDLE TENN.,MISSISSIPPI ST.
20091017,OKLAHOMA ST.,1521,1434,OKLAHOMA ST.,MISSOURI
20091017,UTAH ST.,1731,1466,UTAH ST.,NEVADA
20091017,LOUISIANA TECH,1366,1472,LOUISIANA TECH,NEW MEXICO ST.
20091017,BOSTON COLLEGE,1067,1490,BOSTON COLLEGE,NORTH CAROLINA ST.
20091017,TOLEDO,1709,1503,TOLEDO,NORTHERN ILL.
20091017,MICHIGAN ST.,1416,1509,MICHIGAN ST.,NORTHWESTERN
20091017,PURDUE,1559,1518,PURDUE,OHIO ST.
20091017,NEUTRAL,1703,1522,TEXAS,OKLAHOMA
20091017,EAST CAROLINA,1196,1574,EAST CAROLINA,RICE
20091017,FRESNO ST.,1096,1630,FRESNO ST.,SAN JOSE ST.
20091017,ALABAMA,1008,1648,ALABAMA,SOUTH CAROLINA
20091017,NOTRE DAME,1513,1657,NOTRE DAME,SOUTHERN CALIFORNIA
20091017,WESTERN KY.,1772,1671,WESTERN KY.,LA.-LAFAYETTE
20091017,ARIZONA,1029,1674,ARIZONA,STANFORD
20091017,KANSAS ST.,1327,1697,KANSAS ST.,TEXAS A&M
20091017,NEBRASKA,1463,1700,NEBRASKA,TEXAS TECH
20091017,FIU,1231,1716,FIU,TROY
20091017,TEMPLE,1690,1725,TEMPLE,ARMY
20091017,SMU,1663,1726,SMU,NAVY
20091017,UNLV,1465,1732,UNLV,UTAH
20091017,GEORGIA TECH,1255,1742,GEORGIA TECH,VIRGINIA TECH
20091017,MARYLAND,1392,1746,MARYLAND,VIRGINIA
20091017,CLEMSON,1147,1749,CLEMSON,WAKE FOREST
20091017,ARIZONA ST.,1028,1756,ARIZONA ST.,WASHINGTON
20091017,AIR FORCE,1721,1811,AIR FORCE,WYOMING
20091021,UTEP,1704,1719,UTEP,TULSA
20091022,NORTH CAROLINA,1457,1234,NORTH CAROLINA,FLORIDA ST.
20091023,ARMY,1725,1587,ARMY,RUTGERS
20091024,SYRACUSE,1688,1005,SYRACUSE,AKRON
20091024,MARSHALL,1388,1009,MARSHALL,UAB
20091024,STANFORD,1674,1028,STANFORD,ARIZONA ST.
20091024,MISSISSIPPI,1433,1031,MISSISSIPPI,ARKANSAS
20091024,LSU,1365,1037,LSU,AUBURN
20091024,EASTERN MICH.,1204,1047,EASTERN MICH.,BALL ST.
20091024,HAWAII,1277,1066,HAWAII,BOISE ST.
20091024,NOTRE DAME,1513,1067,NOTRE DAME,BOSTON COLLEGE
20091024,WESTERN MICH.,1774,1086,WESTERN MICH.,BUFFALO
20091024,NEW MEXICO ST.,1472,1096,NEW MEXICO ST.,FRESNO ST.
20091024,ARIZONA,1029,1110,ARIZONA,UCLA
20091024,RICE,1574,1128,RICE,UCF
20091024,BOWLING GREEN,1071,1129,BOWLING GREEN,CENTRAL MICH.
20091024,MIAMI (FL),1415,1147,MIAMI (FL),CLEMSON
20091024,KANSAS ST.,1327,1157,KANSAS ST.,COLORADO
20091024,WEST VIRGINIA,1768,1164,WEST VIRGINIA,CONNECTICUT
20091024,LA.-LAFAYETTE,1671,1229,LA.-LAFAYETTE,FLA. ATLANTIC
20091024,ARKANSAS ST.,1030,1231,ARKANSAS ST.,FIU
20091024,MISSISSIPPI ST.,1430,1235,MISSISSIPPI ST.,FLORIDA
20091024,VIRGINIA,1746,1255,VIRGINIA,GEORGIA TECH
20091024,NEVADA,1466,1295,NEVADA,IDAHO
20091024,PURDUE,1559,1301,PURDUE,ILLINOIS
20091024,NORTHWESTERN,1509,1306,NORTHWESTERN,INDIANA
20091024,NEBRASKA,1463,1311,NEBRASKA,IOWA ST.
20091024,MICHIGAN ST.,1416,1312,MICHIGAN ST.,IOWA
20091024,OHIO,1519,1331,OHIO,KENT ST.
20091024,UTAH ST.,1731,1366,UTAH ST.,LOUISIANA TECH
20091024,CINCINNATI,1140,1367,CINCINNATI,LOUISVILLE
20091024,DUKE,1193,1392,DUKE,MARYLAND
20091024,OHIO ST.,1518,1428,OHIO ST.,MINNESOTA
20091024,NEW MEXICO,1473,1465,NEW MEXICO,UNLV
20091024,TROY,1716,1497,TROY,NORTH TEXAS
20091024,KENTUCKY,1334,1498,KENTUCKY,LA.-MONROE
20091024,MIAMI (OH),1414,1503,MIAMI (OH),NORTHERN ILL.
20091024,BAYLOR,1051,1521,BAYLOR,OKLAHOMA ST.
20091024,KANSAS,1328,1522,KANSAS,OKLAHOMA
20091024,SOUTHERN CALIFORNIA,1657,1528,SOUTHERN CALIFORNIA,OREGON ST.
20091024,WASHINGTON,1756,1529,WASHINGTON,OREGON
20091024,MICHIGAN,1418,1539,MICHIGAN,PENN ST.
20091024,COLORADO ST.,1156,1626,COLORADO ST.,SAN DIEGO ST.
20091024,PITTSBURGH,1545,1651,PITTSBURGH,SOUTH FLA.
20091024,HOUSTON,1288,1663,HOUSTON,SMU
20091024,TOLEDO,1709,1690,TOLEDO,TEMPLE
20091024,ALABAMA,1008,1694,ALABAMA,TENNESSEE
20091024,TEXAS TECH,1700,1697,TEXAS TECH,TEXAS A&M
20091024,BYU,1077,1698,BYU,TCU
20091024,MISSOURI,1434,1703,MISSOURI,TEXAS
20091024,SOUTHERN MISS.,1664,1718,SOUTHERN MISS.,TULANE
20091024,UTAH,1732,1721,UTAH,AIR FORCE
20091024,SOUTH CAROLINA,1648,1736,SOUTH CAROLINA,VANDERBILT
20091024,NAVY,1726,1749,NAVY,WAKE FOREST
20091024,CALIFORNIA,1107,1754,CALIFORNIA,WASHINGTON ST.
20091024,MIDDLE TENN.,1419,1772,MIDDLE TENN.,WESTERN KY.
20091027,MEMPHIS,1404,1196,MEMPHIS,EAST CAROLINA
20091029,VIRGINIA TECH,1742,1457,VIRGINIA TECH,NORTH CAROLINA
20091030,SOUTH FLA.,1651,1768,SOUTH FLA.,WEST VIRGINIA
20091031,NORTHERN ILL.,1503,1005,NORTHERN ILL.,AKRON
20091031,UTEP,1704,1009,UTEP,UAB
20091031,LOUISVILLE,1367,1030,LOUISVILLE,ARKANSAS ST.
20091031,ARIZONA ST.,1028,1107,ARIZONA ST.,CALIFORNIA
20091031,OREGON ST.,1528,1110,OREGON ST.,UCLA
20091031,BOSTON COLLEGE,1067,1129,BOSTON COLLEGE,CENTRAL MICH.
20091031,SYRACUSE,1688,1140,SYRACUSE,CINCINNATI
20091031,CLEMSON,1147,1149,CLEMSON,COASTAL CARO.
20091031,VIRGINIA,1746,1193,VIRGINIA,DUKE
20091031,ARKANSAS,1031,1204,ARKANSAS,EASTERN MICH.
20091031,VANDERBILT,1736,1255,VANDERBILT,GEORGIA TECH
20091031,NEUTRAL,1235,1257,FLORIDA,GEORGIA
20091031,NEVADA,1466,1277,NEVADA,HAWAII
20091031,IOWA,1312,1306,IOWA,INDIANA
20091031,TEXAS A&M,1697,1311,TEXAS A&M,IOWA ST.
20091031,OKLAHOMA,1522,1327,OKLAHOMA,KANSAS ST.
20091031,TEXAS TECH,1700,1328,TEXAS TECH,KANSAS
20091031,IDAHO,1295,1366,IDAHO,LOUISIANA TECH
20091031,WAKE FOREST,1749,1415,WAKE FOREST,MIAMI (FL)
20091031,MINNESOTA,1428,1416,MINNESOTA,MICHIGAN ST.
20091031,ILLINOIS,1301,1418,ILLINOIS,MICHIGAN
20091031,FLA. ATLANTIC,1229,1419,FLA. ATLANTIC,MIDDLE TENN.
20091031,KENTUCKY,1334,1430,KENTUCKY,MISSISSIPPI ST.
20091031,AUBURN,1037,1433,AUBURN,MISSISSIPPI
20091031,COLORADO,1157,1434,COLORADO,MISSOURI
20091031,BAYLOR,1051,1463,BAYLOR,NEBRASKA
20091031,TCU,1698,1465,TCU,UNLV
20091031,OHIO ST.,1518,1472,OHIO ST.,NEW MEXICO ST.
20091031,SAN DIEGO ST.,1626,1473,SAN DIEGO ST.,NEW MEXICO
20091031,FLORIDA ST.,1234,1490,FLORIDA ST.,NORTH CAROLINA ST.
20091031,TROY,1716,1498,TROY,LA.-MONROE
20091031,BALL ST.,1047,1519,BALL ST.,OHIO
20091031,NORTHWESTERN,1509,1539,NORTHWESTERN,PENN ST.
20091031,WISCONSIN,1796,1559,WISCONSIN,PURDUE
20091031,CONNECTICUT,1164,1587,CONNECTICUT,RUTGERS
20091031,BOISE ST.,1066,1630,BOISE ST.,SAN JOSE ST.
20091031,TENNESSEE,1694,1648,TENNESSEE,SOUTH CAROLINA
20091031,OREGON,1529,1657,OREGON,SOUTHERN CALIFORNIA
20091031,TULSA,1719,1663,TULSA,SMU
20091031,HOUSTON,1288,1664,HOUSTON,SOUTHERN MISS.
20091031,FIU,1231,1671,FIU,LA.-LAFAYETTE
20091031,NAVY,1726,1690,NAVY,TEMPLE
20091031,OKLAHOMA ST.,1521,1703,OKLAHOMA ST.,TEXAS
20091031,MIAMI (OH),1414,1709,MIAMI (OH),TOLEDO
20091031,LSU,1365,1718,LSU,TULANE
20091031,COLORADO ST.,1156,1721,COLORADO ST.,AIR FORCE
20091031,FRESNO ST.,1096,1731,FRESNO ST.,UTAH ST.
20091031,NEUTRAL,1513,1754,NOTRE DAME,WASHINGTON ST.
20091031,NORTH TEXAS,1497,1772,NORTH TEXAS,WESTERN KY.
20091031,KENT ST.,1331,1774,KENT ST.,WESTERN MICH.
20091031,UTAH,1732,1811,UTAH,WYOMING
20091101,UCF,1128,1388,UCF,MARSHALL
20091103,BUFFALO,1086,1071,BUFFALO,BOWLING GREEN
20091105,NORTHERN ILL.,1503,1204,NORTHERN ILL.,EASTERN MICH.
20091105,TEMPLE,1690,1414,TEMPLE,MIAMI (OH)
20091105,EAST CAROLINA,1196,1742,EAST CAROLINA,VIRGINIA TECH
20091106,LOUISIANA TECH,1366,1066,LOUISIANA TECH,BOISE ST.
20091107,MISSOURI,1434,1051,MISSOURI,BAYLOR
20091107,WYOMING,1811,1077,WYOMING,BYU
20091107,IDAHO,1295,1096,IDAHO,FRESNO ST.
20091107,TEXAS,1703,1128,TEXAS,UCF
20091107,UNLV,1465,1156,UNLV,COLORADO ST.
20091107,CINCINNATI,1140,1164,CINCINNATI,CONNECTICUT
20091107,NORTH CAROLINA,1457,1193,NORTH CAROLINA,DUKE
20091107,UAB,1009,1229,UAB,FLA. ATLANTIC
20091107,MIDDLE TENN.,1419,1231,MIDDLE TENN.,FIU
20091107,CLEMSON,1147,1234,CLEMSON,FLORIDA ST.
20091107,TULSA,1719,1288,TULSA,HOUSTON
20091107,MINNESOTA,1428,1301,MINNESOTA,ILLINOIS
20091107,KANSAS ST.,1327,1328,KANSAS ST.,KANSAS
20091107,AKRON,1005,1331,AKRON,KENT ST.
20091107,ALABAMA,1008,1365,ALABAMA,LSU
20091107,WEST VIRGINIA,1768,1367,WEST VIRGINIA,LOUISVILLE
20091107,NORTH CAROLINA ST.,1490,1392,NORTH CAROLINA ST.,MARYLAND
20091107,TENNESSEE,1694,1404,TENNESSEE,MEMPHIS
20091107,UTAH,1732,1473,UTAH,NEW MEXICO
20091107,NORTH TEXAS,1497,1498,NORTH TEXAS,LA.-MONROE
20091107,IOWA,1312,1509,IOWA,NORTHWESTERN
20091107,PENN ST.,1539,1518,PENN ST.,OHIO ST.
20091107,IOWA ST.,1311,1521,IOWA ST.,OKLAHOMA ST.
20091107,NEBRASKA,1463,1522,NEBRASKA,OKLAHOMA
20091107,CALIFORNIA,1107,1528,CALIFORNIA,OREGON ST.
20091107,STANFORD,1674,1529,STANFORD,OREGON
20091107,MICHIGAN,1418,1559,MICHIGAN,PURDUE
20091107,SMU,1663,1574,SMU,RICE
20091107,ARKANSAS,1031,1648,ARKANSAS,SOUTH CAROLINA
20091107,ARIZONA ST.,1028,1657,ARIZONA ST.,SOUTHERN CALIFORNIA
20091107,ARKANSAS ST.,1030,1671,ARKANSAS ST.,LA.-LAFAYETTE
20091107,PITTSBURGH,1545,1688,PITTSBURGH,SYRACUSE
20091107,COLORADO,1157,1697,COLORADO,TEXAS A&M
20091107,SAN DIEGO ST.,1626,1698,SAN DIEGO ST.,TCU
20091107,TULANE,1718,1704,TULANE,UTEP
20091107,WESTERN KY.,1772,1716,WESTERN KY.,TROY
20091107,AIR FORCE,1721,1725,AIR FORCE,ARMY
20091107,NOTRE DAME,1513,1726,NOTRE DAME,NAVY
20091107,HAWAII,1277,1731,HAWAII,UTAH ST.
20091107,FLORIDA,1235,1736,FLORIDA,VANDERBILT
20091107,MIAMI (FL),1415,1746,MIAMI (FL),VIRGINIA
20091107,GEORGIA TECH,1255,1749,GEORGIA TECH,WAKE FOREST
20091107,ARIZONA,1029,1754,ARIZONA,WASHINGTON ST.
20091107,UCLA,1110,1756,UCLA,WASHINGTON
20091107,MICHIGAN ST.,1416,1774,MICHIGAN ST.,WESTERN MICH.
20091107,INDIANA,1306,1796,INDIANA,WISCONSIN
20091108,SAN JOSE ST.,1630,1466,SAN JOSE ST.,NEVADA
20091110,BUFFALO,1086,1519,BUFFALO,OHIO
20091111,CENTRAL MICH.,1129,1709,CENTRAL MICH.,TOLEDO
20091112,NORTHERN ILL.,1503,1047,NORTHERN ILL.,BALL ST.
20091112,MIAMI (OH),1414,1071,MIAMI (OH),BOWLING GREEN
20091112,RUTGERS,1587,1651,RUTGERS,SOUTH FLA.
20091113,AKRON,1005,1690,AKRON,TEMPLE
20091113,CINCINNATI,1140,1768,CINCINNATI,WEST VIRGINIA
20091114,MISSISSIPPI ST.,1430,1008,MISSISSIPPI ST.,ALABAMA
20091114,MEMPHIS,1404,1009,MEMPHIS,UAB
20091114,OREGON,1529,1028,OREGON,ARIZONA ST.
20091114,CALIFORNIA,1107,1029,CALIFORNIA,ARIZONA
20091114,FLA. ATLANTIC,1229,1030,FLA. ATLANTIC,ARKANSAS ST.
20091114,GEORGIA,1257,1037,GEORGIA,AUBURN
20091114,VIRGINIA,1746,1067,VIRGINIA,BOSTON COLLEGE
20091114,NEW MEXICO,1473,1077,NEW MEXICO,BYU
20091114,NEVADA,1466,1096,NEVADA,FRESNO ST.
20091114,WASHINGTON ST.,1754,1110,WASHINGTON ST.,UCLA
20091114,NORTH CAROLINA ST.,1490,1147,NORTH CAROLINA ST.,CLEMSON
20091114,IOWA ST.,1311,1157,IOWA ST.,COLORADO
20091114,WAKE FOREST,1749,1234,WAKE FOREST,FLORIDA ST.
20091114,SOUTH CAROLINA,1648,1235,SOUTH CAROLINA,FLORIDA
20091114,DUKE,1193,1255,DUKE,GEORGIA TECH
20091114,UCF,1128,1288,UCF,HOUSTON
20091114,BOISE ST.,1066,1295,BOISE ST.,IDAHO
20091114,PENN ST.,1539,1306,PENN ST.,INDIANA
20091114,OHIO ST.,1518,1312,OHIO ST.,IOWA
20091114,VANDERBILT,1736,1334,VANDERBILT,KENTUCKY
20091114,LSU,1365,1366,LSU,LOUISIANA TECH
20091114,NORTH CAROLINA,1457,1415,NORTH CAROLINA,MIAMI (FL)
20091114,PURDUE,1559,1416,PURDUE,MICHIGAN ST.
20091114,WISCONSIN,1796,1418,WISCONSIN,MICHIGAN
20091114,KANSAS ST.,1327,1434,KANSAS ST.,MISSOURI
20091114,KANSAS,1328,1463,KANSAS,NEBRASKA
20091114,AIR FORCE,1721,1465,AIR FORCE,UNLV
20091114,HAWAII,1277,1472,HAWAII,NEW MEXICO ST.
20091114,FIU,1231,1497,FIU,NORTH TEXAS
20091114,ILLINOIS,1301,1509,ILLINOIS,NORTHWESTERN
20091114,PITTSBURGH,1545,1513,PITTSBURGH,NOTRE DAME
20091114,UTAH ST.,1731,1630,UTAH ST.,SAN JOSE ST.
20091114,MARSHALL,1388,1664,MARSHALL,SOUTHERN MISS.
20091114,MIDDLE TENN.,1419,1671,MIDDLE TENN.,LA.-LAFAYETTE
20091114,SOUTHERN CALIFORNIA,1657,1674,SOUTHERN CALIFORNIA,STANFORD
20091114,LOUISVILLE,1367,1688,LOUISVILLE,SYRACUSE
20091114,MISSISSIPPI,1433,1694,MISSISSIPPI,TENNESSEE
20091114,OKLAHOMA,1522,1697,OKLAHOMA,TEXAS A&M
20091114,OKLAHOMA ST.,1521,1700,OKLAHOMA ST.,TEXAS TECH
20091114,BAYLOR,1051,1703,BAYLOR,TEXAS
20091114,SMU,1663,1704,SMU,UTEP
20091114,ARKANSAS,1031,1716,ARKANSAS,TROY
20091114,RICE,1574,1718,RICE,TULANE
20091114,TCU,1698,1732,TCU,UTAH
20091114,MARYLAND,1392,1742,MARYLAND,VIRGINIA TECH
20091114,OREGON ST.,1528,1756,OREGON ST.,WASHINGTON
20091114,LA.-MONROE,1498,1772,LA.-MONROE,WESTERN KY.
20091114,EASTERN MICH.,1204,1774,EASTERN MICH.,WESTERN MICH.
20091114,SAN DIEGO ST.,1626,1811,SAN DIEGO ST.,WYOMING
20091115,TULSA,1719,1196,TULSA,EAST CAROLINA
20091118,MIAMI (OH),1414,1086,MIAMI (OH),BUFFALO
20091118,BALL ST.,1047,1129,BALL ST.,CENTRAL MICH.
20091119,OKLAHOMA ST.,1521,1157,OKLAHOMA ST.,COLORADO
20091120,BOWLING GREEN,1071,1005,BOWLING GREEN,AKRON
20091120,UTAH ST.,1731,1066,UTAH ST.,BOISE ST.
20091120,TOLEDO,1709,1204,TOLEDO,EASTERN MICH.
20091121,EAST CAROLINA,1196,1009,EAST CAROLINA,UAB
20091121,UCLA,1110,1028,UCLA,ARIZONA ST.
20091121,MIDDLE TENN.,1419,1030,MIDDLE TENN.,ARKANSAS ST.
20091121,TEXAS A&M,1697,1051,TEXAS A&M,BAYLOR
20091121,STANFORD,1674,1107,STANFORD,CALIFORNIA
20091121,NEW MEXICO,1473,1156,NEW MEXICO,COLORADO ST.
20091121,NOTRE DAME,1513,1164,NOTRE DAME,CONNECTICUT
20091121,MIAMI (FL),1415,1193,MIAMI (FL),DUKE
20091121,TROY,1716,1229,TROY,FLA. ATLANTIC
20091121,FLORIDA,1235,1231,FLORIDA,FIU
20091121,SAN JOSE ST.,1630,1277,SAN JOSE ST.,HAWAII
20091121,MISSOURI,1434,1311,MISSOURI,IOWA ST.
20091121,NEBRASKA,1463,1327,NEBRASKA,KANSAS ST.
20091121,TEXAS,1703,1328,TEXAS,KANSAS
20091121,TEMPLE,1690,1331,TEMPLE,KENT ST.
20091121,GEORGIA,1257,1334,GEORGIA,KENTUCKY
20091121,MISSISSIPPI,1433,1365,MISSISSIPPI,LSU
20091121,FRESNO ST.,1096,1366,FRESNO ST.,LOUISIANA TECH
20091121,SOUTH FLA.,1651,1367,SOUTH FLA.,LOUISVILLE
20091121,FLORIDA ST.,1234,1392,FLORIDA ST.,MARYLAND
20091121,HOUSTON,1288,1404,HOUSTON,MEMPHIS
20091121,IOWA,1312,1428,IOWA,MINNESOTA
20091121,ARKANSAS,1031,1430,ARKANSAS,MISSISSIPPI ST.
20091121,BOSTON COLLEGE,1067,1457,BOSTON COLLEGE,NORTH CAROLINA
20091121,NEW MEXICO ST.,1472,1466,NEW MEXICO ST.,NEVADA
20091121,VIRGINIA TECH,1742,1490,VIRGINIA TECH,NORTH CAROLINA ST.
20091121,LA.-LAFAYETTE,1671,1498,LA.-LAFAYETTE,LA.-MONROE
20091121,OHIO,1519,1503,OHIO,NORTHERN ILL.
20091121,MICHIGAN,1418,1518,MICHIGAN,OHIO ST.
20091121,TEXAS TECH,1700,1522,TEXAS TECH,OKLAHOMA
20091121,WASHINGTON ST.,1754,1528,WASHINGTON ST.,OREGON ST.
20091121,ARIZONA,1029,1529,ARIZONA,OREGON
20091121,MICHIGAN ST.,1416,1539,MICHIGAN ST.,PENN ST.
20091121,INDIANA,1306,1559,INDIANA,PURDUE
20091121,SYRACUSE,1688,1587,SYRACUSE,RUTGERS
20091121,UTAH,1732,1626,UTAH,SAN DIEGO ST.
20091121,MARSHALL,1388,1663,MARSHALL,SMU
20091121,WYOMING,1811,1698,WYOMING,TCU
20091121,RICE,1574,1704,RICE,UTEP
20091121,UCF,1128,1718,UCF,TULANE
20091121,SOUTHERN MISS.,1664,1719,SOUTHERN MISS.,TULSA
20091121,BYU,1077,1721,BYU,AIR FORCE
20091121,NORTH TEXAS,1497,1725,NORTH TEXAS,ARMY
20091121,TENNESSEE,1694,1736,TENNESSEE,VANDERBILT
20091121,CLEMSON,1147,1746,CLEMSON,VIRGINIA
20091121,NORTHWESTERN,1509,1796,NORTHWESTERN,WISCONSIN
20091124,WESTERN MICH.,1774,1047,WESTERN MICH.,BALL ST.
20091126,TEXAS A&M,1697,1703,TEXAS A&M,TEXAS
20091127,AUBURN,1037,1008,AUBURN,ALABAMA
20091127,KENT ST.,1331,1086,KENT ST.,BUFFALO
20091127,AKRON,1005,1204,AKRON,EASTERN MICH.
20091127,CINCINNATI,1140,1301,CINCINNATI,ILLINOIS
20091127,TULSA,1719,1404,TULSA,MEMPHIS
20091127,COLORADO,1157,1463,COLORADO,NEBRASKA
20091127,BOISE ST.,1066,1466,BOISE ST.,NEVADA
20091127,CENTRAL MICH.,1129,1503,CENTRAL MICH.,NORTHERN ILL.
20091127,WEST VIRGINIA,1768,1545,WEST VIRGINIA,PITTSBURGH
20091127,LOUISVILLE,1367,1587,LOUISVILLE,RUTGERS
20091127,OHIO,1519,1690,OHIO,TEMPLE
20091127,BOWLING GREEN,1071,1709,BOWLING GREEN,TOLEDO
20091127,COLORADO ST.,1156,1811,COLORADO ST.,WYOMING
20091128,ARIZONA ST.,1028,1029,ARIZONA ST.,ARIZONA
20091128,LSU,1365,1031,LSU,ARKANSAS
20091128,MARYLAND,1392,1067,MARYLAND,BOSTON COLLEGE
20091128,SOUTHERN CALIFORNIA,1657,1110,SOUTHERN CALIFORNIA,UCLA
20091128,UAB,1009,1128,UAB,UCF
20091128,SOUTH CAROLINA,1648,1147,SOUTH CAROLINA,CLEMSON
20091128,FLORIDA,1235,1234,FLORIDA,FLORIDA ST.
20091128,GEORGIA TECH,1255,1257,GEORGIA TECH,GEORGIA
20091128,UTEP,1704,1388,UTEP,MARSHALL
20091128,SOUTH FLA.,1651,1415,SOUTH FLA.,MIAMI (FL)
20091128,LA.-MONROE,1498,1419,LA.-MONROE,MIDDLE TENN.
20091128,MISSISSIPPI ST.,1430,1433,MISSISSIPPI ST.,MISSISSIPPI
20091128,KANSAS,1328,1434,KANSAS,MISSOURI
20091128,NORTH CAROLINA ST.,1490,1457,NORTH CAROLINA ST.,NORTH CAROLINA
20091128,SAN JOSE ST.,1630,1472,SAN JOSE ST.,NEW MEXICO ST.
20091128,TCU,1698,1473,TCU,NEW MEXICO
20091128,ARKANSAS ST.,1030,1497,ARKANSAS ST.,NORTH TEXAS
20091128,STANFORD,1674,1513,STANFORD,NOTRE DAME
20091128,OKLAHOMA,1522,1521,OKLAHOMA,OKLAHOMA ST.
20091128,HOUSTON,1288,1574,HOUSTON,RICE
20091128,UNLV,1465,1626,UNLV,SAN DIEGO ST.
20091128,EAST CAROLINA,1196,1664,EAST CAROLINA,SOUTHERN MISS.
20091128,CONNECTICUT,1164,1688,CONNECTICUT,SYRACUSE
20091128,KENTUCKY,1334,1694,KENTUCKY,TENNESSEE
20091128,BAYLOR,1051,1700,BAYLOR,TEXAS TECH
20091128,LA.-LAFAYETTE,1671,1716,LA.-LAFAYETTE,TROY
20091128,SMU,1663,1718,SMU,TULANE
20091128,HAWAII,1277,1726,HAWAII,NAVY
20091128,IDAHO,1295,1731,IDAHO,UTAH ST.
20091128,BYU,1077,1732,BYU,UTAH
20091128,VIRGINIA,1746,1742,VIRGINIA,VIRGINIA TECH
20091128,DUKE,1193,1749,DUKE,WAKE FOREST
20091128,WASHINGTON,1756,1754,WASHINGTON,WASHINGTON ST.
20091128,FLA. ATLANTIC,1229,1772,FLA. ATLANTIC,WESTERN KY.
20091203,WESTERN KY.,1772,1030,WESTERN KY.,ARKANSAS ST.
20091203,OREGON,1529,1528,OREGON,OREGON ST.
20091204,NEUTRAL,1129,1519,CENTRAL MICH.,OHIO
20091205,SOUTHERN CALIFORNIA,1657,1029,SOUTHERN CALIFORNIA,ARIZONA
20091205,ILLINOIS,1301,1096,ILLINOIS,FRESNO ST.
20091205,WASHINGTON,1756,1107,WASHINGTON,CALIFORNIA
20091205,PITTSBURGH,1545,1140,PITTSBURGH,CINCINNATI
20091205,FIU,1231,1229,FIU,FLA. ATLANTIC
20091205,NEUTRAL,1008,1235,ALABAMA,FLORIDA
20091205,NEUTRAL,1147,1255,CLEMSON,GEORGIA TECH
20091205,EAST CAROLINA,1196,1288,EAST CAROLINA,HOUSTON
20091205,BOISE ST.,1066,1472,BOISE ST.,NEW MEXICO ST.
20091205,LOUISIANA TECH,1366,1630,LOUISIANA TECH,SAN JOSE ST.
20091205,CONNECTICUT,1164,1651,CONNECTICUT,SOUTH FLA.
20091205,NEUTRAL,1463,1703,NEBRASKA,TEXAS
20091205,RUTGERS,1587,1768,RUTGERS,WEST VIRGINIA
20091205,HAWAII,1277,1796,HAWAII,WISCONSIN
20091212,NEUTRAL,1726,1725,NAVY,ARMY
20091219,NEUTRAL,1811,1096,WYOMING,FRESNO ST.
20091219,NEUTRAL,1587,1128,RUTGERS,UCF
20091220,NEUTRAL,1419,1664,MIDDLE TENN.,SOUTHERN MISS.
20091222,NEUTRAL,1077,1528,BYU,OREGON ST.
20091223,NEUTRAL,1107,1732,CALIFORNIA,UTAH
20091224,NEUTRAL,1663,1466,SMU,NEVADA
20091226,NEUTRAL,1657,1067,SOUTHERN CALIFORNIA,BOSTON COLLEGE
20091226,NEUTRAL,1519,1388,OHIO,MARSHALL
20091226,NEUTRAL,1457,1545,NORTH CAROLINA,PITTSBURGH
20091227,NEUTRAL,1147,1334,CLEMSON,KENTUCKY
20091228,NEUTRAL,1257,1697,GEORGIA,TEXAS A&M
20091229,NEUTRAL,1690,1110,TEMPLE,UCLA
20091229,NEUTRAL,1796,1415,WISCONSIN,MIAMI (FL)
20091230,NEUTRAL,1463,1029,NEBRASKA,ARIZONA
20091230,NEUTRAL,1295,1071,IDAHO,BOWLING GREEN
20091231,NEUTRAL,1721,1288,AIR FORCE,HOUSTON
20091231,NEUTRAL,1311,1428,IOWA ST.,MINNESOTA
20091231,NEUTRAL,1674,1522,STANFORD,OKLAHOMA
20091231,NEUTRAL,1434,1726,MISSOURI,NAVY
20091231,NEUTRAL,1694,1742,TENNESSEE,VIRGINIA TECH
20100101,NEUTRAL,1235,1140,FLORIDA,CINCINNATI
20100101,NEUTRAL,1037,1509,AUBURN,NORTHWESTERN
20100101,NEUTRAL,1529,1518,OREGON,OHIO ST.
20100101,NEUTRAL,1365,1539,LSU,PENN ST.
20100101,NEUTRAL,1234,1768,FLORIDA ST.,WEST VIRGINIA
20100102,NEUTRAL,1196,1031,EAST CAROLINA,ARKANSAS
20100102,NEUTRAL,1700,1416,TEXAS TECH,MICHIGAN ST.
20100102,NEUTRAL,1433,1521,MISSISSIPPI,OKLAHOMA ST.
20100102,NEUTRAL,1164,1648,CONNECTICUT,SOUTH CAROLINA
20100102,NEUTRAL,1503,1651,NORTHERN ILL.,SOUTH FLA.
20100104,NEUTRAL,1698,1066,TCU,BOISE ST.
20100105,NEUTRAL,1255,1312,GEORGIA TECH,IOWA
20100106,NEUTRAL,1716,1129,TROY,CENTRAL MICH.
20100107,NEUTRAL,1008,1703,ALABAMA,TEXAS
